mean_pred,shape,rate,cov,p95,p99
819.6667,1.105571,0.0013488056,0.9510573,2370.35536214902,3590.244023167713
1298.3387,2.104369,0.0016208165,0.6893489,3030.675649842167,4214.814851630298
789.6056,1.3670805,0.0017313459,0.8552695,2122.202837775308,3119.6387562962573
436.40335,1.2481672,0.0028601228,0.89508367,1209.9852517073377,1801.2245869935225
676.9385,1.6813426,0.002483745,0.7712087,1697.9680299999861,2428.445344542923
597.0807,1.4305092,0.002395839,0.8360932,1580.3169494084907,2308.8118028562576
1093.1158,2.033293,0.0018600893,0.7012938,2579.313314753714,3602.094931083893
1484.3672,0.7402421,0.00049869204,1.1622863,4951.5985530242215,7980.081309190609
955.39685,1.6610899,0.0017386386,0.77589583,2405.972509370674,3446.421081821166
1217.1233,2.1487424,0.0017654272,0.6821939,2822.6500654844504,3915.652657717024
773.39545,1.5330749,0.0019822652,0.80764097,2000.0083398807728,2895.0852531325672
411.66788,1.0326731,0.0025085104,0.98405313,1219.3327700938414,1865.4481212462304
548.6358,1.5266232,0.0027825804,0.80934566,1420.7736126053487,2057.7692664682218
1241.8728,1.7416567,0.0014024437,0.75773746,3079.348845165688,4384.263475328188
1377.0869,0.9991712,0.00072556874,1.0004146,4126.592838525742,6344.3664934454455
1914.4451,2.2107291,0.0011547623,0.6725619,4400.7951695018155,6084.15749192712
1254.0977,1.6741318,0.0013349294,0.77286774,3150.094034734457,4507.781275953369
2209.055,2.202208,0.0009969005,0.67386174,5084.098715406834,7032.070987379059
1084.6403,1.9168029,0.0017672245,0.72228944,2607.6678977852494,3668.226087885828
1001.912,1.3482442,0.0013456712,0.8612232,2705.545826812737,3984.7130294613285
2401.057,1.3979791,0.00058223493,0.8457649,6404.544484962369,9386.07438342436
546.2603,1.4223237,0.002603747,0.83849555,1448.6101576968765,2118.030279161591
100.930786,0.29764333,0.0029489845,1.8329555,462.8765778973763,891.8934700967823
1715.0116,2.3122292,0.0013482295,0.65763444,3888.2451390399797,5347.051722146438
994.4874,2.168783,0.0021808047,0.6790347,2299.6805165383093,3186.624697149438
3784.8247,2.1752625,0.00057473266,0.67802256,8744.026336793537,12112.10708272288
5865.4707,1.7754585,0.00030269666,0.7504897,14453.495661654306,20528.12655027861
444.37656,1.7705526,0.003984352,0.75152874,1096.0007352666296,1557.18311815294
1226.4775,0.22226709,0.00018122394,2.1211061,6141.885742578136,12743.044762905876
1290.7318,2.0906973,0.0016197767,0.6915991,3019.074021402795,4201.991746076128
631.8963,1.5257351,0.002414534,0.8095812,1636.7064948715035,2370.6969960373044
1752.5757,1.7675639,0.0010085521,0.7521638,4324.88505120803,6146.056289332969
1048.0433,1.8601289,0.0017748587,0.7332102,2544.014969124115,3592.09323510868
1129.411,0.22226709,0.00019679911,2.1211061,5655.80168510944,11734.52862267263
858.33405,1.8575463,0.0021641299,0.7337197,2084.4457374744466,2943.7033981322684
1401.3601,1.753864,0.0012515441,0.7550958,3466.9294779910806,4931.697608354539
1020.0615,2.5846038,0.0025337725,0.6220181,2236.1252766913613,3035.6760448901896
923.8394,2.3380046,0.0025307478,0.6539994,2087.4233716875115,2866.854753670121
2623.0332,1.8306729,0.0006979221,0.7390854,6399.920440519427,9054.655350704823
414.36896,2.1317134,0.0051444815,0.68491334,963.3560411029964,1337.6716958132406
437.1248,2.1741047,0.0049736477,0.6782031,1010.0501440133376,1399.1969875221268
743.0419,0.22226709,0.00029913132,2.1211061,3720.963666327821,7720.170733957376
1061.7687,2.4214234,0.0022805564,0.64263535,2373.626840383381,3246.613647078783
1250.0536,1.4473733,0.001157849,0.83120805,3295.530052207451,4807.114787843109
990.1642,1.5052688,0.0015202215,0.81506634,2576.2653104153837,3738.2958926191864
1627.7328,0.22226709,0.00013655011,2.1211061,8151.269487281226,16912.068427266426
405.0357,1.0102699,0.0024942737,0.9949043,1209.006199900688,1855.6985508668254
913.4031,2.4527798,0.0026853203,0.63851446,2034.0182014674162,2777.95537501413
1303.8328,1.6626861,0.0012752296,0.77552336,3282.4016989180836,4701.273504011917
2113.127,1.8394732,0.0008704982,0.7373153,5147.845785308955,7278.824693038425
1171.4434,2.1412172,0.0018278453,0.68339163,2719.6841816619117,3774.406960382386
779.55347,1.5216552,0.0019519575,0.81066585,2020.965103980452,2928.3167136772418
530.88403,1.0756396,0.002026129,0.9641988,1550.0677896002005,2357.2248246237364
223.1245,0.4395065,0.0019697815,1.508403,897.1335072880657,1588.7979033692322
353.84402,1.6048263,0.004535406,0.7893797,901.2583369463061,1296.7911466630144
1521.1147,2.7976658,0.0018392208,0.59786355,3257.4304996653814,4382.853486650741
2535.2964,1.7372469,0.00068522437,0.7586985,6291.713606195227,8960.806729459415
508.10266,1.0935472,0.002152217,0.9562715,1474.9911193138425,2237.645977612283
2063.0295,2.0197434,0.0009790182,0.70364225,4878.198457286668,6818.128484739618
812.5507,1.6766019,0.0020633813,0.7722982,2040.0119716446588,2918.700287942391
849.2262,1.714788,0.0020192359,0.7636508,2116.440238146886,3019.3012233012264
1121.487,0.99309504,0.00088551623,1.0034704,3367.916711626445,5182.691344607706
878.89,1.7867512,0.0020329633,0.7481143,2161.286302240692,3067.184541679397
415.3273,1.752818,0.004220329,0.7553211,1027.70846465802,1462.0234365914896
855.4492,1.9513578,0.0022810914,0.7158657,2044.9767128347498,2870.330145157078
1581.9197,2.1805344,0.0013784103,0.67720246,3651.9405526552164,5057.153458142885
503.8274,2.1672518,0.004301576,0.6792745,1165.3202557316474,1614.8993537314232
432.45728,0.49314743,0.0011403379,1.4240053,1669.4489583185734,2891.0056740794375
1474.3187,2.0813832,0.0014117593,0.6931448,3453.3218996815017,4808.984824679765
619.5,1.8284298,0.0029514604,0.7395386,1512.111071460367,2139.675833453591
634.4991,1.093492,0.0017233941,0.9562956,1841.9447984395015,2794.3562875588127
2066.8271,1.6533883,0.0007999644,0.77770084,5212.837344273408,7471.585963836656
1440.664,2.5124328,0.001743941,0.6308887,3185.022782796863,4337.900478018683
427.64914,1.6908873,0.0039539128,0.7690289,1070.6876525725277,1530.189848397216
1600.1223,2.096375,0.0013101342,0.69066197,3739.5730052246613,5203.084872914934
333.04434,1.079797,0.003242202,0.9623409,971.1034342112823,1475.945802789647
547.9119,1.5105675,0.0027569532,0.8136356,1423.9151742273123,2065.211446304265
3475.1025,1.2186558,0.00035068198,0.9058566,9715.001754488565,14510.863562629356
668.3694,1.5599601,0.0023339791,0.800651,1718.4409254062334,2481.8104044598535
2437.578,2.5494995,0.0010459151,0.62628573,5365.399998611218,7295.242523127643
1082.5127,2.0256784,0.0018712744,0.7026107,2557.3185645794133,3573.0148808138956
550.6913,1.572165,0.0028548934,0.7975372,1412.2209396733742,2037.4733799353712
687.1372,1.7608778,0.002562629,0.75359046,1697.7572246982127,2413.829626357836
343.33835,1.3323798,0.0038806612,0.8663352,930.8910758633781,1373.2425270738795
912.5913,2.3754396,0.0026029611,0.64882565,2052.0457769259115,2813.033131281025
789.3514,0.8368086,0.0010601218,1.093168,2519.59573293624,3980.985956202158
349.30807,0.64781684,0.0018545716,1.2424356,1222.6585063403456,2015.2488541566213
2607.9019,2.7934666,0.0010711548,0.59831274,5587.211748611035,7518.819140783895
235.45204,0.63053626,0.0026779817,1.2593457,832.2136304614471,1378.1359121937187
464.92972,2.0908911,0.00449722,0.69156706,1087.4579399209385,1513.5230102513726
1043.9275,1.4055914,0.0013464454,0.8434715,2779.446638822878,4070.373335963588
701.81616,1.8665143,0.0026595488,0.73195493,1701.7114042576115,2401.7494772966356
989.8313,1.9405338,0.0019604692,0.71785945,2370.4131650608906,3329.4001199056584
917.8775,2.1559591,0.0023488528,0.6810512,2126.443753739773,2948.6699879424946
625.6914,1.4459443,0.0023109545,0.83161867,1650.0655189071385,2407.232616450654
1670.4175,1.7022462,0.0010190543,0.7664588,4173.006853821622,5958.791264804262
1698.5903,1.0441449,0.0006147126,0.9786325,5011.5768486176,7654.638060422937
396.21558,1.6055226,0.004052144,0.78920853,1009.036166967905,1451.7869750342186
649.11224,0.9341525,0.0014391232,1.0346444,1992.1069787293816,3094.09684046752
1568.2192,2.5076027,0.0015990129,0.6314961,3469.0268159949524,4725.750236434872
1548.4672,1.966949,0.0012702555,0.7130229,3692.3077852757438,5177.441432072378
1051.8164,2.1066973,0.0020029135,0.6889678,2454.376253075223,3412.8889286546078
717.5037,1.0266055,0.0014308016,0.98695695,2129.6167218131764,3260.937176746631
2462.4673,2.5275767,0.0010264408,0.62899595,5434.221142922935,7396.132484561153
744.5965,1.6072656,0.0021585727,0.7887805,1895.572622747041,2726.937128513533
871.124,1.4775722,0.0016961674,0.82267,2280.6775695557817,3317.581041812456
1342.0214,1.2463591,0.0009287178,0.89573264,3722.7870479470425,5542.992627272794
1425.3126,2.1439102,0.0015041684,0.68296224,3307.7847688886777,4589.885626281028
609.51636,1.0600244,0.0017391237,0.9712747,1788.8174889443887,2726.146394659784
1395.1115,2.001254,0.0014344761,0.7068852,3308.453660656262,4629.346506758583
346.7792,1.9244044,0.005549365,0.7208615,832.6664930820654,1170.7434916478503
1525.1322,2.5307143,0.0016593409,0.6286059,3364.4404791339357,4578.44947080819
203.0928,1.0757326,0.0052967537,0.96415716,592.969527918345,901.731390986687
523.7145,1.2110828,0.0023124868,0.9086844,1467.2540062107944,2193.503819583947
843.7095,1.5012414,0.0017793346,0.81615895,2197.1784618827046,3189.356648801721
1515.8792,2.0381174,0.0013445118,0.70046335,3574.194236704138,4990.0357370296315
1024.5488,2.8176003,0.002750089,0.5957449,2189.5022363059334,2943.6347260976327
1510.4521,1.9181306,0.0012699049,0.72203946,3630.5928795196446,5106.743643631666
732.4428,1.3699709,0.0018704135,0.8543667,1967.1563722549736,2890.886479008371
461.7774,0.9487317,0.0020545218,1.0266639,1409.4024431834782,2183.8851557639796
1041.2683,1.4918046,0.0014326803,0.81873626,2717.3871048816973,3947.7875455704825
1521.6885,1.6997426,0.0011170108,0.7670231,3803.284554490679,5431.877052430826
944.4175,2.3922431,0.0025330356,0.64654285,2119.063148340719,2902.515856855631
1888.2378,2.6119504,0.0013832741,0.6187533,4126.343043764412,5595.054815652292
724.99255,1.0995771,0.0015166736,0.9536459,2100.562412586292,3184.121056875247
488.56738,0.93273973,0.0019091322,1.0354277,1500.2066396160874,2330.6277268042286
860.4411,0.8499573,0.0009878158,1.0846796,2731.2144672539985,4304.730601177437
1058.9138,1.7285789,0.0016324075,0.76059836,2632.1371263883207,3751.146324844023
1374.7712,1.328546,0.0009663761,0.86758435,3731.07335977711,5506.231394552307
1958.488,2.613638,0.0013345182,0.6185536,4279.038045381994,5801.673537981314
677.5301,2.346597,0.003463458,0.6528009,1529.171514318169,2099.2520179612748
1016.6586,1.6331114,0.0016063517,0.782514,2574.5937314567423,3696.0844068889364
479.23544,2.4028258,0.0050138733,0.6451175,1073.8577141915575,1470.1247661848006
1888.8104,1.6294911,0.0008627076,0.7833827,4786.736119947367,6873.814860237097
295.13718,1.0553032,0.0035756363,0.97344494,867.5328014437746,1322.9840380963474
405.54193,1.5035039,0.0037073945,0.8155446,1055.5759276475842,1531.9347874568596
451.16144,1.0933084,0.0024233197,0.95637596,1309.794434197171,1987.0964319258273
874.11176,2.7414196,0.0031362346,0.6039657,1883.0631897054657,2539.407929799886
1970.8026,1.561588,0.00079236145,0.80023354,5065.364944227163,7314.508710367144
281.60782,1.3797171,0.0048994278,0.8513438,754.5103190504947,1107.7390602391356
2157.5798,0.86598176,0.0004013672,1.074597,6802.968993364848,10690.898645225465
594.70966,1.4415071,0.0024238839,0.8328976,1569.98448320253,2291.3515466966664
830.55707,1.1333816,0.0013646041,0.93931645,2381.103794619196,3593.571084825548
536.45624,1.5262923,0.0028451385,0.80943346,1389.333276923918,2012.2905743098065
2736.4724,1.9628434,0.0007172897,0.7137681,6529.427954668296,9158.075890890785
2668.1287,2.4076433,0.00090237154,0.6444718,5975.037619938826,8177.995854612171
1829.9786,1.9191109,0.0010487067,0.721855,4397.904262349737,6185.641597950387
458.8851,2.0702417,0.0045114597,0.69500744,1076.6663851635358,1500.307485941945
401.78058,1.3350654,0.0033228719,0.86546344,1088.5974987966106,1605.4448791780833
786.47986,1.5693028,0.0019953502,0.79826415,2018.109115299135,2912.3115277255993
826.62177,1.7599254,0.0021290577,0.7537944,2042.7502039473786,2904.531921543815
743.5781,1.5454048,0.0020783355,0.80441266,1917.7779032819053,2773.119107209895
1278.5988,2.0454183,0.0015997343,0.69921213,3011.332629665238,4202.376547104757
988.5022,0.22226709,0.0002248524,2.1211061,4950.166096424141,10270.49196198058
845.91595,1.7775372,0.0021013166,0.7500507,2083.686931145017,2958.9965872594635
2338.307,2.3177645,0.0009912149,0.65684867,5297.489917069565,7282.9736977197
2562.8042,2.04857,0.00079934706,0.698674,6032.944788048706,8417.519807511148
1118.9742,1.9497184,0.0017424157,0.71616656,2675.656395539771,3755.942160078369
405.15814,0.98487186,0.0024308332,1.007651,1220.3079854193757,1880.2097638679509
1557.9244,2.730291,0.0017525181,0.6051953,3360.188205562664,4533.455011664516
1586.1484,1.4215328,0.0008962167,0.8387288,4207.045540825514,6151.633876494421
1616.6145,2.1263628,0.0013153184,0.68577445,3761.37590910829,5224.454031524947
634.82446,2.4336224,0.0038335358,0.6410227,1417.0181325670858,1937.0476470413116
1647.7109,1.8502192,0.0011229028,0.735171,4006.5171988547327,5660.899631381257
258.34183,1.1588366,0.004485672,0.9289426,734.9285216340714,1105.6196301289726
525.2613,2.0392168,0.00388229,0.7002745,1238.2695125540542,1728.6701398448874
416.37314,2.3014886,0.0055274665,0.65916723,945.3418240283927,1300.731616808931
2058.7375,1.8180071,0.0008830689,0.7416555,5034.357699443989,7128.871571501348
635.1749,1.6427464,0.0025862898,0.7802158,1605.4088749843293,2302.9654750523873
2278.861,1.9719771,0.0008653345,0.71211326,5429.524541910526,7611.014996119935
370.69028,1.5308344,0.004129686,0.8082317,959.0760991293519,1388.5662100795168
542.8879,1.5241544,0.0028074938,0.81000096,1406.6476819864474,2037.746595012482
874.8553,1.4712844,0.001681746,0.824426,2293.7255283916243,3338.4637181582907
595.9293,1.1141177,0.0018695468,0.9474023,1718.7074046936518,2600.3203861383927
1451.562,2.329522,0.0016048381,0.655189,3283.4622005800006,4511.411278158409
833.6889,1.5562173,0.0018666643,0.8016132,2145.20475279137,3099.131568851044
923.1462,2.1990702,0.0023821474,0.6743424,2125.542209941571,2940.4438922357817
1108.7725,2.1178734,0.0019101065,0.68714756,2583.004981848846,3589.4579472532464
1135.3086,1.4092667,0.0012413071,0.842371,3020.08075551773,4421.206820417152
444.55722,0.8780656,0.0019751464,1.0671772,1394.7865410135325,2187.1711454767456
511.37363,0.7326859,0.0014327801,1.1682643,1712.1751682676127,2764.048285203057
3458.4817,1.9915648,0.00057584944,0.70860267,8214.265826520463,11500.63768418251
698.104,1.26966,0.0018187261,0.88747525,1924.2553413021421,2857.6769635779797
460.86496,1.6383182,0.003554877,0.7812695,1165.8746978268575,1673.0373917462834
1548.6362,2.6041992,0.001681608,0.6196735,3387.209351567474,4594.389501244612
1780.5839,1.4374119,0.00080727,0.83408326,4705.101375043443,6869.60303740464
2239.21,1.9866366,0.00088720425,0.70948106,5322.539289133003,7454.253510523527
592.2791,0.7006241,0.0011829289,1.1946962,2015.3178414757522,3277.7685189112876
3003.1472,0.9814876,0.00032681966,1.0093868,9056.299898131676,13960.87953186314
361.7938,1.2621179,0.0034885006,0.89012307,999.2925487971133,1485.2669083971764
1628.797,2.7358875,0.0016796982,0.60457593,3510.934353663671,4735.748679855523
908.5382,2.3028,0.002534621,0.6589795,2062.402995338996,2837.5479688745495
1117.6001,1.9476881,0.0017427414,0.7165398,2673.2566469304625,3753.0563816161125
1038.98,1.7400044,0.0016747238,0.75809705,2577.05170004897,3669.555332004982
594.9218,1.9279013,0.003240596,0.7202074,1427.6656508718359,2006.8711109235185
1665.9567,2.2602503,0.0013567281,0.66515326,3803.4904751917547,5244.555442373303
580.1065,0.8134647,0.0014022678,1.1087424,1870.578359170799,2968.864468927953
1464.5269,1.7324922,0.0011829706,0.75973886,3637.686034921212,5182.690589196179
887.4535,1.6442671,0.0018527923,0.77985495,2242.3618760842173,3216.2914310255746
1188.3635,2.1978846,0.0018495052,0.67452425,2736.661795626784,3786.1014614324313
439.84808,1.2827204,0.0029162806,0.88294566,1208.147790247578,1791.6416223550643
662.98267,2.2000723,0.0033184462,0.6741888,1526.3008474826738,2111.347393120078
4285.1846,1.5799491,0.0003687004,0.7955701,10971.162804525718,15818.330437663466
560.63995,0.62471235,0.0011142844,1.2652023,1988.2445004629892,3297.838793948954
756.76495,3.0569785,0.004039535,0.5719444,1579.6133304218517,2104.7327035203703
1634.3292,0.31533808,0.00019294648,1.7807862,7356.55652879971,13985.841596426475
1194.7847,2.8885717,0.0024176505,0.5883807,2534.8978122111944,3398.613536127744
250.54605,1.4998351,0.0059862654,0.81654143,652.6737188331651,947.5191853435008
1423.0369,0.34767398,0.00024431833,1.6959535,6201.869668486841,11534.985439205973
657.33057,2.2290847,0.0033911169,0.669787,1507.1687386458946,2081.630901317704
1291.7799,1.7211463,0.0013323836,0.76223886,3215.486092333731,4585.021319146089
332.23016,0.81871444,0.0024642989,1.1051819,1068.8198188339359,1694.622546858856
1783.6361,2.099312,0.0011769845,0.6901786,4166.627835312551,5796.289429579856
391.84317,1.6020029,0.0040883776,0.79007506,998.6252226954732,1437.2194306129456
526.7431,1.6863704,0.0032015045,0.7700581,1319.940617893704,1887.062639568756
818.43976,1.8059949,0.0022066315,0.74411786,2005.6701764419577,2842.4915451718402
554.6292,1.5486398,0.0027922075,0.803572,1429.4608655179513,2066.439747429376
499.9882,2.196957,0.004394018,0.6746666,1151.5648068434307,1593.24066939979
1040.062,2.0324194,0.001954133,0.7014445,2454.46025037732,3427.9133196954317
562.48444,1.0719192,0.0019056869,0.9658707,1644.3318616589327,2501.845188460265
912.7126,1.5980953,0.0017509294,0.7910404,2327.957270590556,3351.4601191391703
830.91565,0.93958896,0.0011307874,1.0316468,2544.800284398653,3949.0238049371033
961.14453,1.1133357,0.0011583437,0.947735,2772.6971181227864,4195.382611760744
455.75867,1.764159,0.0038708183,0.75288934,1125.3937562034023,1599.6788613497095
1166.004,1.7655879,0.0015142211,0.7525846,2878.4290812825498,4091.0913661867744
1399.3519,1.6438301,0.0011747081,0.77995855,3536.1038268314173,5072.121643867911
1295.5068,1.1948154,0.0009222764,0.9148494,3646.552617808068,5461.956604802268
1617.8677,2.2887397,0.0014146643,0.6610005,3679.50389213571,5066.085852643666
1144.6967,1.6802161,0.0014678265,0.77146715,2871.8788244182683,4107.73501500244
2606.2542,1.8826853,0.0007223721,0.72880465,6301.991925834942,8884.886156201977
1065.6945,1.7905915,0.0016802109,0.7473116,2618.8378651130565,3715.5083308087515
1031.9365,1.0311794,0.0009992663,0.98476565,3058.086546946029,4679.54891261109
627.09753,1.2969688,0.002068209,0.8780823,1715.9660398821122,2540.8164768355823
1168.1943,2.036254,0.001743078,0.7007838,2755.2047403236193,3847.0500100958775
677.5532,1.3874323,0.0020477097,0.84897345,1811.9365438518266,2658.1874089790763
751.4334,2.6545167,0.003532604,0.6137723,1634.238702379714,2211.864164299245
1799.0969,1.6677012,0.00092696573,0.77435637,4524.755168037515,6478.134979708019
424.9839,1.0290605,0.0024214105,0.9857789,1260.3294221721656,1929.1719353774079
168.04901,0.81046677,0.0048228,1.1107911,542.6000216174972,861.689236304287
468.69287,1.4423723,0.003077436,0.83264774,1237.0606660233814,1805.3121597224167
1765.0083,2.6608758,0.0015075713,0.6130384,3835.8713021011354,5190.264296909507
538.53577,1.8926922,0.0035145155,0.7268755,1299.984933954808,1831.5781440975081
463.2553,1.7931019,0.003870656,0.7467883,1137.887536180403,1614.1058855283688
2422.6772,2.1179345,0.00087421236,0.68713766,5643.837559685216,7842.898988186906
2764.9995,2.4332285,0.0008800104,0.64107454,6172.173550765179,8437.449313463283
740.0312,1.750715,0.0023657314,0.75577456,1831.8882645044998,2606.4520378225243
527.7699,1.5908964,0.003014375,0.79282814,1348.1382909637032,1942.0025745007852
369.9342,1.9613873,0.0053019896,0.71403307,882.8988356766689,1238.4536984907265
2099.3699,1.5265908,0.0007271662,0.8093543,5436.667309001111,7874.187871422231
1353.8761,0.22226709,0.00016417092,2.1211061,6779.865089673638,14066.709793254497
1739.972,2.261735,0.0012998686,0.66493493,3971.669539117443,5476.028326277563
750.02997,2.9495354,0.0039325566,0.58226836,1581.7114627087212,2115.777864439149
687.5594,1.515176,0.002203702,0.8123973,1785.0144533472085,2587.894711653488
1400.1992,1.9926128,0.0014230923,0.7084163,3325.0696176829524,4655.06626718073
2258.7666,1.5705419,0.0006953095,0.79794925,5794.482370630145,8361.088639192689
807.1647,1.3569211,0.0016810957,0.85846525,2174.9020468241333,3200.3694082721854
673.06726,1.7899708,0.0026594233,0.7474412,1654.181214197406,2346.9928107797273
427.43744,1.2271258,0.0028708898,0.902725,1192.0909450688998,1778.8336941056834
1178.0771,1.8138499,0.0015396699,0.7425049,2882.9542115489753,4083.5673631671602
957.6703,1.6053979,0.0016763577,0.7892392,2438.9466365673284,3509.157504977566
344.93298,1.0678067,0.0030956934,0.9677288,1009.7169633091736,1537.1479611194438
603.75024,1.1590775,0.0019197965,0.9288461,1717.4192243978248,2583.5925162395956
1489.8181,1.8806026,0.0012623034,0.7292081,3603.698021492194,5081.3881702121525
348.4844,0.62649286,0.0017977644,1.263403,1234.5917011794033,2046.7618253802639
944.7699,2.1937926,0.002322039,0.675153,2176.9512010630033,3012.426388534962
1042.5566,1.4026604,0.0013454044,0.84435236,2777.7571384331277,4069.0503402841287
581.1881,1.9087453,0.0032842124,0.7238124,1399.160546056499,1969.2392904973458
324.73157,0.83907735,0.0025839107,1.0916892,1035.532079920291,1635.4497639932888
5140.681,1.603049,0.00031183593,0.78981715,13098.3664986846,18849.536654607167
1992.9684,1.7337251,0.000869921,0.7594687,4949.116217861411,7050.473456417838
2167.8962,1.7871547,0.00082437275,0.7480298,5330.703363356867,7564.839356294902
476.1428,0.92983425,0.0019528475,1.0370442,1463.6790841209115,2274.967391416477
775.5156,1.8130045,0.0023378052,0.742678,1898.1036524890992,2688.731422372344
425.4526,1.0597894,0.0024909694,0.9713823,1248.7217838381525,1903.1061032594064
567.44775,2.1893537,0.003858247,0.6758371,1308.3419819497067,1810.8985082023205
3545.7554,1.9128771,0.0005394837,0.72303027,8530.207262833468,12002.560543520001
3275.2903,2.3583887,0.00072005484,0.6511669,7380.9696178098375,10126.675899249653
1247.4009,1.4061815,0.0011272891,0.84329456,3320.7212018105247,4862.768768214677
1116.0841,3.2093933,0.0028755837,0.55819833,2297.688276805614,3045.4965495750166
1194.5167,0.8803308,0.0007369765,1.0658033,3744.316330734311,5869.12153999885
420.6579,0.886214,0.0021067334,1.0622597,1315.4551967543837,2059.805891167198
603.492,0.7121949,0.0011801232,1.1849514,2041.3750759843988,3311.0583213962486
801.2103,2.6373606,0.0032917208,0.61576533,1745.8473250069012,2364.6565979181646
1057.2533,1.8728371,0.0017714176,0.7307184,2560.7686710216235,3612.6728205755794
1440.9094,2.5313513,0.0017567734,0.62852675,3178.4050273405314,4325.1610125311
1727.9092,2.274969,0.0013166022,0.662998,3937.0624843938945,5424.567637485226
1605.2827,1.8784218,0.0011701501,0.7296313,3884.437642161858,5478.0375684691435
422.88727,1.164572,0.0027538592,0.9266523,1200.9634231456484,1805.4409542333863
818.8329,2.2874103,0.0027935007,0.6611926,1862.5975463813957,2564.6734992982188
996.69867,1.742488,0.0017482596,0.7575566,2471.031213879365,3517.9492171122115
730.19104,1.4046406,0.0019236617,0.84375703,1944.571345129324,2847.9975663347373
1894.907,1.3698059,0.0007228882,0.8544182,5089.449771832734,7479.457989878524
700.62537,1.4399662,0.0020552585,0.83334315,1850.2595970566765,2700.7944330033024
1656.3136,1.556352,0.0009396482,0.8015786,4261.817133913343,6156.886204045181
1030.5977,0.42154133,0.0004090261,1.54021,4204.752073991631,7509.163594453107
652.2199,1.4409097,0.0022092392,0.8330702,1722.0472871048955,2513.4234155482254
753.07794,1.5883534,0.0021091488,0.7934625,1924.6853765992905,2773.1029862256346
487.10303,1.856676,0.00381167,0.7338916,1183.0974078821403,1670.896073393686
443.27084,1.107259,0.002497929,0.9503321,1281.1903173388412,1940.116743492221
2401.1357,1.6630578,0.00069261296,0.7754367,6044.42136336571,8656.971382523463
635.8632,1.1645719,0.0018314817,0.92665243,1805.796825992973,2714.7034868906244
460.74704,1.1436112,0.0024820804,0.9351059,1316.7752443729282,1984.710902486869
1952.4163,2.2109914,0.0011324385,0.67252195,4487.915665671279,6204.515021005716
1245.5933,1.6174724,0.0012985559,0.78628784,3164.3738962564944,4548.458725179417
622.5667,1.422235,0.00228447,0.8385217,1650.999333547397,2413.9662495045322
491.28336,0.71471107,0.0014547838,1.1828638,1659.7052782990602,2690.4163052940007
1702.3982,1.822668,0.0010706473,0.74070656,4159.541688759115,5888.195282602534
1926.3815,1.6790943,0.00087163126,0.7717248,4834.071504728541,6914.91325061808
1206.1967,1.5235375,0.0012630922,0.8101649,3125.7333987111297,4528.350717997021
618.0092,1.9028299,0.0030789669,0.7249366,1489.2808592593037,2096.8872423791363
757.5141,2.324439,0.0030685093,0.65590495,1714.6569405245723,2356.5087673292765
1681.0431,2.6902382,0.0016003386,0.60968375,3641.5577863070125,4921.24157748318
1030.5717,1.5014209,0.0014568816,0.8161102,2683.6956805682635,3895.5081696012808
989.0654,1.2392362,0.0012529365,0.8983032,2749.103845608082,4096.536205332887
647.7934,1.256179,0.0019391661,0.89222467,1792.1417985443984,2665.4515215952592
1272.5353,2.4741824,0.0019442937,0.6357468,2826.3367246737016,3856.1888075818297
748.5923,1.081954,0.0014453181,0.96138114,2181.247562832202,3314.2330683027512
1657.1501,1.6962855,0.0010236161,0.76780427,4144.613978183612,5920.913725838539
2084.8035,1.7306602,0.0008301311,0.7601409,5180.154633859868,7381.276361125159
1018.6991,1.8394161,0.001805652,0.7373268,2481.7051158704357,3509.034190566616
400.24393,2.1254258,0.0053103263,0.6859256,931.3753862119676,1293.7250727946707
558.49335,0.7742982,0.0013864054,1.1364383,1833.1090345848054,2932.6134154002843
227.0834,0.87967116,0.0038737801,1.0662028,712.0032356617716,1116.17753653974
2114.5361,2.2173476,0.0010486213,0.6715573,4856.258238404105,6711.450912977504
1052.8483,1.1373808,0.0010802894,0.93766356,3014.6813689240203,4547.458197313911
1010.6775,2.2818165,0.0022577099,0.6620025,2300.7152704717982,3168.8485070378188
1055.3788,1.4482058,0.0013722143,0.8309691,2781.7683845277816,4057.38880019807
1871.7197,2.4973462,0.0013342522,0.6327915,4145.497451472641,5649.949219226182
1805.0513,1.6284463,0.0009021607,0.783634,4575.4360718884,6570.932780617285
578.52905,2.2834942,0.0039470694,0.66175926,1316.6714164424195,1813.3361254626611
3251.8638,1.5523332,0.00047736726,0.80261546,8374.479965329894,12102.414162794576
527.9429,1.2632186,0.0023927186,0.88973516,1457.767772075851,2166.443051054724
686.48944,2.0587494,0.0029989528,0.6969446,1613.5063190746134,2249.901602206854
559.3103,2.3687057,0.0042350474,0.64974725,1258.7482022218003,1726.1188011153006
1988.692,2.2743013,0.0011436166,0.66309536,4531.668428698212,6244.044935263704
690.3868,2.4611135,0.0035648327,0.63743246,1535.8194544695214,2096.7190009384253
841.195,1.8503501,0.0021996684,0.7351451,2045.3744135761851,2889.9305909241057
1309.623,2.608599,0.00199187,0.61915064,2862.996343281011,3882.604859363258
2883.4836,2.2779014,0.00078998244,0.66257113,6567.452666682221,9047.397203965525
1349.8512,2.01123,0.0014899642,0.70512986,3196.092223108078,4469.4020607460425
415.5743,1.5660368,0.0037683677,0.7990961,1067.1022306018056,1540.345182378315
661.45087,2.418476,0.00365632,0.6430268,1479.2457835627715,2023.5779711112646
629.9217,0.58899415,0.00093502755,1.3030003,2281.8437521063693,3824.3356861973757
591.9186,1.8781421,0.0031729736,0.7296856,1432.3836195529188,2020.059992691539
906.49646,2.4157186,0.0026648957,0.64339375,2027.9583621891265,2774.573316314973
862.65375,2.0477612,0.0023737927,0.69881195,2030.974462785351,2833.871415000462
263.14322,1.1684271,0.004440271,0.9251224,746.446577308296,1121.6229792581462
958.5427,1.7387656,0.0018139677,0.7583671,2378.089114310464,3386.5530329926414
754.92224,1.2904639,0.0017093997,0.88029265,2069.3010286168987,3066.1356996100217
1750.36,0.958281,0.0005474765,1.0215358,5323.355908151471,8236.051838501462
281.87216,2.0039692,0.0071094963,0.7064062,668.1625437723818,934.7696444632783
529.8153,1.5488272,0.002923334,0.80352336,1365.4524867715422,1973.8772569145706
628.5498,1.1536278,0.00183538,0.9310374,1790.8967960258747,2695.950057990542
730.973,1.5832932,0.0021660076,0.7947295,1870.166301746757,2695.6773233814047
1484.6365,2.89121,0.0019474196,0.5881122,3149.0243179376134,4221.565842349022
2787.295,2.0884504,0.00074927503,0.69197106,6521.793213466859,9078.309888466241
971.4055,1.788832,0.0018414884,0.7476791,2387.891951215429,3388.272361932211
678.4276,1.232819,0.001817171,0.90063816,1889.0651125194383,2817.018695784876
1467.2574,2.1584003,0.001471044,0.6806659,3397.9937419747835,4711.24693929232
402.28595,2.553247,0.006346846,0.625826,885.0904633034625,1203.2401242754256
919.8178,2.5929995,0.002819036,0.62101024,2014.4282361461715,2733.698490020504
826.9306,2.5398448,0.0030714122,0.62747496,1822.2411411826374,2478.7466940810305
505.41486,1.3759447,0.0027224065,0.8525101,1355.4136785147343,1990.7018053845852
750.471,0.22226709,0.00029617012,2.1211061,3758.1668273703986,7797.359005826491
1242.1296,1.5956819,0.001284634,0.7916384,3169.7499966253954,4564.254165745947
3137.2466,1.4329033,0.00045673913,0.83539444,8298.794242678156,12121.6416132073
1530.6814,2.131094,0.0013922518,0.6850128,3558.965863406528,4941.98851713878
2367.6443,1.6992905,0.0007177136,0.76712507,5918.167673584601,8452.656214990808
1196.5667,1.1508278,0.0009617749,0.9321694,3412.2037587809527,5138.398455194864
669.3916,2.4595392,0.0036742904,0.6376364,1489.4016834860602,2033.499324752856
440.37378,2.5983293,0.0059002815,0.6203731,963.8419901393693,1307.6849434916392
650.5369,1.8192841,0.0027965885,0.7413951,1590.437629931001,2251.9303900164555
1226.7771,2.3149426,0.0018870116,0.6572489,2780.3296419613466,3822.9367694381813
1271.8994,2.766543,0.0021751272,0.6012171,2732.6752060201893,3681.3922219067435
673.5483,1.9713421,0.0029268013,0.71222794,1604.9336947091822,2249.857901452163
978.1869,2.2283852,0.0022780772,0.66989213,2243.065651761296,3098.1328773673445
430.59073,1.5553337,0.003612093,0.8018409,1108.1827625413193,1601.0877016194424
757.18353,2.079874,0.0027468558,0.6933963,1773.967343397795,2470.5870165969523
1113.8466,1.760859,0.0015808812,0.75359446,2752.0667532844027,3912.826402158343
656.5515,1.4606481,0.0022247273,0.82742226,1725.5682861384964,2513.965127884708
298.42014,0.9573914,0.0032081995,1.0220102,907.8820676434298,1404.8315080758389
555.47076,0.8778884,0.0015804403,1.0672848,1742.9004732025949,2733.1362317450207
874.62384,1.2593819,0.0014399126,0.89108944,2417.557618686256,3594.35103091586
582.91656,1.7915205,0.0030733738,0.7471179,1432.218843749415,2031.8447465273207
324.48126,0.92429316,0.0028485255,1.040148,999.5903921749821,1555.0681999890378
1451.6099,1.0013256,0.0006898035,0.99933785,4346.599052111894,6680.455708582453
3201.7896,1.9976968,0.0006239313,0.7075143,7597.197663327204,10632.681142784173
321.1696,1.099464,0.0034233131,0.95369494,930.5765154583274,1410.6282215629185
914.9356,1.5023978,0.0016420804,0.8158448,2382.051368701523,3457.3584985679577
369.31177,1.8440816,0.0049932925,0.7363935,898.9660981267112,1270.698996379399
435.0743,1.2197258,0.0028034886,0.9054592,1215.92574781104,1815.9488131697215
128.30316,0.9405556,0.007330728,1.0311166,392.803504637502,609.4572083580913
7066.6143,1.9033877,0.00026934932,0.7248303,17027.556262791913,23973.694589881852
862.12366,2.9583797,0.0034315027,0.58139735,1816.533688788074,2429.0900304601123
1285.7046,3.402341,0.002646285,0.54213953,2604.0238941405105,3430.200184948371
1138.0107,2.0537229,0.0018046604,0.69779694,2676.806595392349,3733.6962626492386
1084.1008,1.846105,0.0017028905,0.7359898,2637.95033478087,3728.2605616715923
626.03687,1.9375303,0.0030949141,0.7184156,1499.9507712605764,2107.1824483729497
691.1826,1.1988311,0.0017344636,0.91331583,1943.260567664854,2909.3092852603145
3156.5244,1.717397,0.0005440785,0.7630705,7862.783041786949,11214.817205308049
946.9827,1.0869082,0.0011477593,0.9591876,2754.9028972286646,4183.062055198365
845.35736,3.130035,0.0037026175,0.56523025,1752.71002376517,2329.4098179151315
1509.6442,1.8474605,0.0012237722,0.73571974,3672.560819690946,5190.01567144844
924.4548,1.0366156,0.0011213265,0.9821801,2734.500318274986,4181.128551446679
1364.8435,2.5804305,0.0018906421,0.62252086,2993.3804173447243,4064.4447666651354
779.3277,0.57408935,0.00073664694,1.3198065,2849.2125579804,4797.205543256528
1436.2006,0.9160834,0.000637852,1.0447984,4438.409165182373,6914.332447040483
2630.4436,2.5540018,0.0009709396,0.6257335,5786.86530086975,7866.713499476132
1454.1783,0.22226709,0.0001528472,2.1211061,7282.153144724391,15108.845618903688
1458.5442,2.3360832,0.001601654,0.65426826,3296.421200344126,4527.721784451788
399.22952,1.9901325,0.004984933,0.7088576,948.429115971049,1327.9948800459956
2472.6216,2.0840144,0.000842836,0.69270706,5789.369215569837,8060.854713903678
666.5135,1.3026268,0.0019543893,0.87617326,1821.1072269784797,2694.8716531613222
745.6762,1.6233604,0.0021770312,0.7848606,1892.0872790172,2718.3933271589112
1293.4254,1.9750313,0.0015269773,0.7115624,3080.151910970425,4316.882284745681
926.7184,1.7664039,0.001906085,0.75241077,2287.3789009468405,3250.845085126706
744.77966,1.0920126,0.0014662225,0.9569432,2163.1133216897833,3282.2390206236564
267.22293,0.48285297,0.0018069294,1.4391053,1039.3455238269282,1807.1191983285394
1639.9318,2.5143878,0.0015332272,0.6306434,3624.7179637826603,4936.310214976687
1126.5388,1.8546491,0.001646325,0.73429257,2737.1481882816433,3866.2207369301595
1192.7346,1.1139508,0.000933947,0.9474733,3440.12127881671,5204.8486135375915
3086.6406,2.1498487,0.0006965011,0.68201834,7157.131361120245,9927.942568270564
364.193,1.1040808,0.0030315816,0.9516989,1053.6894121324724,1596.2771354048757
544.4902,1.595895,0.0029309897,0.7915855,1389.4052487924826,2000.6271809974453
378.40112,1.8579084,0.004909891,0.7336482,918.8814813620038,1297.634428732171
733.5324,2.3457012,0.0031978153,0.65292555,1655.7605726710826,2273.135613478098
808.89984,2.9192743,0.0036089441,0.58527845,1710.9462189235726,2291.2445811324587
1119.3286,1.9032159,0.0017003191,0.72486305,2697.1872422910865,3797.507272883363
836.26105,1.696181,0.0020282913,0.76782787,2091.57218822892,2988.0023733188377
1910.2809,1.8216591,0.00095360796,0.74091166,4668.304003160859,6608.85339309659
681.55457,1.5051407,0.0022083935,0.8151011,1773.357781685343,2573.264129165007
1005.4779,1.4910514,0.001482928,0.818943,2624.4290375865703,3812.9957065180824
378.71265,1.520514,0.0040149544,0.81097,982.045192120118,1423.0949322818246
444.69946,2.4449677,0.005498023,0.6395337,991.2371105302341,1354.279670614089
979.8604,2.0374188,0.002079295,0.70058334,2310.5995975185847,3226.029650677108
1168.2114,2.391227,0.002046913,0.64668024,2621.5453211108434,3590.9517951228486
890.2813,2.4516742,0.0027538198,0.6386584,1982.7992453400177,2708.144486286706
832.15356,1.9141409,0.0023002257,0.72279155,2001.5328033951107,2816.056901809014
484.7721,1.7188604,0.0035457083,0.76274556,1207.213331841174,1721.6806190208483
1172.1741,3.3673978,0.0028727797,0.5449451,2380.9010750385028,3139.7033639970955
436.05444,0.47648367,0.001092716,1.4486917,1704.013209331374,2970.3615413977464
1919.9291,1.4564376,0.00075858925,0.82861745,5050.913228126351,7361.479491536207
462.30664,1.4996701,0.0032438862,0.8165864,1204.3554651280717,1748.4488419988807
682.0903,0.678275,0.0009944065,1.2142192,2348.218940727463,3840.1605577921187
1173.1351,1.4684775,0.0012517547,0.8252136,3077.7379488432525,4480.719991633293
1579.1213,2.2683518,0.0014364645,0.6639644,3601.2720996902076,4963.6181255727
649.0834,1.0062455,0.0015502562,0.9968918,1940.2065840618045,2979.7918965581857
592.58,0.8673557,0.0014636938,1.0737455,1867.3786345803333,2933.8660390892414
286.53006,0.67467654,0.002354645,1.217453,988.3266695401102,1617.7212434633564
501.12018,1.4475453,0.002888619,0.83115864,1321.055870247043,1926.9634007217055
1488.9928,1.7003427,0.0011419415,0.7668877,3721.135851796608,5314.310917364981
789.21204,2.32636,0.0029476995,0.6556341,1785.9550510533484,2454.2579018149127
2951.7117,2.1018178,0.00071206747,0.68976706,6892.713636894211,9587.225666328859
921.66437,2.2796926,0.0024734521,0.6623108,2098.6853723998715,2890.9042521999313
1243.0598,2.1966348,0.0017671192,0.67471606,2863.1257202140528,3961.330027690604
675.1434,1.5178199,0.0022481445,0.81168944,1751.7605933833818,2539.096602568839
1982.0626,1.9135848,0.00096545124,0.7228966,4767.787460442486,6708.281290230682
351.06323,1.4647274,0.004172261,0.82626927,921.810867784509,1342.4763740382703
945.65344,1.132794,0.0011978955,0.93956,2711.5609245730325,4092.6045083879003
426.6111,0.71937025,0.0016862436,1.179027,1437.8497828744291,2328.2630671034326
1379.263,2.0916543,0.0015165015,0.6914408,3225.689557583732,4489.313572897288
1057.9319,1.1825929,0.0011178346,0.91956484,2988.4635611383987,4482.7969059219495
2384.513,1.4523921,0.0006090938,0.8297707,6279.0015158729,9154.779530509528
2085.612,2.852631,0.0013677669,0.59207565,4441.024339154816,5962.466590904928
1247.7771,1.3294892,0.0010654861,0.8672765,3385.5969153704523,4995.896973036219
2984.914,1.8963535,0.0006353126,0.7261734,7200.904418975549,10143.076454390726
1119.8209,2.3440328,0.002093221,0.6531579,2528.2564676678976,3471.244076564156
280.6788,0.7537096,0.00268531,1.1518555,930.2356896704974,1494.7493447275783
2667.7256,2.3837366,0.0008935464,0.6476955,5992.268467901647,8211.118838905826
1577.9844,1.8356849,0.0011633099,0.73807573,3846.723193408007,5440.503453417914
1743.7283,1.9533037,0.0011201882,0.71550906,4167.113129623741,5848.242167965035
1042.0651,0.9311144,0.00089352805,1.0363309,3201.775904645783,4975.408244310412
359.83194,0.8167242,0.002269738,1.1065277,1158.6291816253895,1837.729465454932
1091.4923,3.2324102,0.0029614596,0.5562074,2242.543290841489,2970.1323172069806
1555.85,1.6672367,0.0010715922,0.77446425,3913.342925656872,5602.971727680596
898.79675,1.4105489,0.0015693747,0.841988,2390.191154796254,3498.6575466559734
2050.1953,2.219132,0.0010824003,0.6712873,4707.321289391512,6504.993928618514
365.1144,0.65889245,0.0018046192,1.231949,1270.1912473930192,2087.5032613206718
1120.6765,1.7314498,0.0015450041,0.7599675,2784.154529758154,3966.9504784986793
1491.854,1.989607,0.0013336473,0.70895123,3544.4171685584897,4963.070384807778
1143.9938,1.533748,0.0013406961,0.8074637,2957.946477249445,4281.487310054246
847.3041,1.4719499,0.0017372157,0.8242396,2221.153777607811,3232.641705667144
763.81445,1.790511,0.0023441701,0.74732846,1877.0251290633785,2663.067553764347
1680.2643,1.6216401,0.00096511014,0.78527683,4265.012940194035,6128.460300640614
3233.106,2.5956197,0.00080282544,0.6206968,7078.467903802605,9604.795707984083
345.20566,1.6832267,0.0048760115,0.7707769,865.563320542117,1237.7560261563815
3424.6436,2.2905998,0.0006688579,0.6607321,7786.698322028173,10720.00524699219
324.24942,1.0887558,0.0033577727,0.9583734,942.7250076661376,1431.0845661984679
496.1826,0.98349464,0.0019821224,1.0083562,1495.2077564936008,2304.2515425573115
930.4767,1.6451062,0.0017680252,0.779656,2350.6753765265403,3371.4260726583443
513.151,1.2754574,0.00248554,0.8854561,1412.2400937189827,2095.960219250051
519.2851,1.080874,0.0020814654,0.9618613,1513.622291608219,2300.1654136105317
1286.2473,1.653381,0.00128543,0.77770257,3244.1064397933264,4649.796709929829
845.83246,1.4401594,0.0017026534,0.8332872,2233.631530511046,3260.3374559478234
1325.2186,2.268832,0.0017120435,0.6638942,3022.036360593822,4165.155656772222
209.33968,1.0709137,0.005115675,0.966324,612.1721029331264,931.545990780346
645.38586,1.9910332,0.0030850274,0.70869726,1532.9903550937888,2146.3810273839485
734.86584,1.4523233,0.0019763107,0.8297903,1935.111125247451,2821.4085165355873
771.18604,1.4813232,0.0019208377,0.82162774,2017.3157139159002,2933.4891040656853
380.07233,0.9239968,0.002431108,1.0403148,1170.97671521163,1821.7845052352063
